{
	"ImportPath": "github.com/coccyx/gogen",
	"GoVersion": "go1.7",
	"GodepVersion": "v79",
	"Packages": [
		"./..."
	],
	"Deps": [
		{
			"ImportPath": "github.com/Sirupsen/logrus",
			"Comment": "v0.10.0-38-g3ec0642",
			"Rev": "3ec0642a7fb6488f65b06f9040adc67e3990296a"
		},
		{
			"ImportPath": "github.com/cactus/gostrftime",
			"Comment": "v1.0-13-g908b7e9",
			"Rev": "908b7e9ab9b8e1470dbde2b92e53a269dcafde9b"
		},
		{
			"ImportPath": "github.com/coccyx/go-s2s/s2s",
			"Rev": "5aedf3638b96df0bfd712835a93730ee1be4b099"
		},
		{
			"ImportPath": "github.com/coccyx/timeparser",
			"Rev": "9d8b37af28f548a9fe464fc889d53f27595dcbfd"
		},
		{
			"ImportPath": "github.com/davecgh/go-spew/spew",
			"Comment": "v1.0.0",
			"Rev": "6cf5744a041a0022271cefed95ba843f6d87fd51"
		},
		{
			"ImportPath": "github.com/google/go-github/github",
			"Rev": "3e246d29992beb5a5d2fc253adebea86997c45b0"
		},
		{
			"ImportPath": "github.com/google/go-querystring/query",
			"Rev": "9235644dd9e52eeae6fa48efd539fdc351a0af53"
		},
		{
			"ImportPath": "github.com/hhkbp2/go-strftime",
			"Rev": "d82166ec6782f870431668391c2e321069632fe7"
		},
		{
			"ImportPath": "github.com/jehiah/go-strftime",
			"Rev": "2efbe75097a505e2789f7e39cb9da067b5be8e3e"
		},
		{
			"ImportPath": "github.com/joyt/godate",
			"Rev": "7151572574a7c217932a48e0b23c111631e7181c"
		},
		{
			"ImportPath": "github.com/kr/pretty",
			"Comment": "go.weekly.2011-12-22-36-gcfb55aa",
			"Rev": "cfb55aafdaf3ec08f0db22699ab822c50091b1c4"
		},
		{
			"ImportPath": "github.com/kr/text",
			"Rev": "7cafcd837844e784b526369c9bce262804aebc60"
		},
		{
			"ImportPath": "github.com/layeh/gopher-luar",
			"Rev": "921d03e21a7844141b02d4c729269b6709762f28"
		},
		{
			"ImportPath": "github.com/mattn/go-runewidth",
			"Comment": "v0.0.1",
			"Rev": "d6bea18f789704b5f83375793155289da36a3c7f"
		},
		{
			"ImportPath": "github.com/mgutz/ansi",
			"Rev": "c286dcecd19ff979eeb73ea444e479b903f2cfcb"
		},
		{
			"ImportPath": "github.com/mohae/deepcopy",
			"Rev": "d5a94469974f7ae1fe06ca82aa38d2ef3170e38d"
		},
		{
			"ImportPath": "github.com/olekukonko/tablewriter",
			"Rev": "bdcc175572fd7abece6c831e643891b9331bc9e7"
		},
		{
			"ImportPath": "github.com/pbnjay/strptime",
			"Rev": "5c05b0d668c919165e2c16298c96a3f2ab4564b3"
		},
		{
			"ImportPath": "github.com/pkg/profile",
			"Comment": "v1.2.0-5-g030571e",
			"Rev": "030571e6da0f040a04e94a9af0dd8b6dd0cce0eb"
		},
		{
			"ImportPath": "github.com/pmezard/go-difflib/difflib",
			"Comment": "v1.0.0",
			"Rev": "792786c7400a136282c1664665ae0a8db921c6c2"
		},
		{
			"ImportPath": "github.com/satori/go.uuid",
			"Comment": "v1.1.0-1-g0aa62d5",
			"Rev": "0aa62d5ddceb50dbcb909d790b5345affd3669b6"
		},
		{
			"ImportPath": "github.com/skratchdot/open-golang/open",
			"Rev": "75fb7ed4208cf72d323d7d02fd1a5964a7a9073c"
		},
		{
			"ImportPath": "github.com/stretchr/testify/assert",
			"Comment": "v1.1.3-19-gd77da35",
			"Rev": "d77da356e56a7428ad25149ca77381849a6a5232"
		},
		{
			"ImportPath": "github.com/x-cray/logrus-prefixed-formatter",
			"Rev": "78e945f7d6bfe5a81ce6121d92d8118e44303e58"
		},
		{
			"ImportPath": "github.com/yuin/gopher-lua",
			"Rev": "dd0fd531098d425ac1576765d9cca3274f8dd8d6"
		},
		{
			"ImportPath": "github.com/yuin/gopher-lua/ast",
			"Rev": "dd0fd531098d425ac1576765d9cca3274f8dd8d6"
		},
		{
			"ImportPath": "github.com/yuin/gopher-lua/parse",
			"Rev": "dd0fd531098d425ac1576765d9cca3274f8dd8d6"
		},
		{
			"ImportPath": "github.com/yuin/gopher-lua/pm",
			"Rev": "dd0fd531098d425ac1576765d9cca3274f8dd8d6"
		},
		{
			"ImportPath": "golang.org/x/net/context",
			"Rev": "de35ec43e7a9aabd6a9c54d2898220ea7e44de7d"
		},
		{
			"ImportPath": "golang.org/x/oauth2",
			"Rev": "3c3a985cb79f52a3190fbc056984415ca6763d01"
		},
		{
			"ImportPath": "golang.org/x/oauth2/github",
			"Rev": "3c3a985cb79f52a3190fbc056984415ca6763d01"
		},
		{
			"ImportPath": "golang.org/x/oauth2/internal",
			"Rev": "3c3a985cb79f52a3190fbc056984415ca6763d01"
		},
		{
			"ImportPath": "golang.org/x/sys/unix",
			"Rev": "c200b10b5d5e122be351b67af224adc6128af5bf"
		},
		{
			"ImportPath": "gopkg.in/urfave/cli.v1",
			"Comment": "v1.18.1",
			"Rev": "a14d7d367bc02b1f57d88de97926727f2d936387"
		},
		{
			"ImportPath": "gopkg.in/yaml.v2",
			"Rev": "a5b47d31c556af34a302ce5d659e6fea44d90de0"
		},
		{
			"ImportPath": "github.com/stretchr/testify/vendor/github.com/davecgh/go-spew/spew",
			"Comment": "v1.1.3-19-gd77da35",
			"Rev": "d77da356e56a7428ad25149ca77381849a6a5232"
		},
		{
			"ImportPath": "github.com/stretchr/testify/vendor/github.com/pmezard/go-difflib/difflib",
			"Comment": "v1.1.3-19-gd77da35",
			"Rev": "d77da356e56a7428ad25149ca77381849a6a5232"
		}
	]
}
