<endpoint name="data/inputs/gogen">
  <header>Gogen</header>
  <breadcrumb>
    <parent hidecurrent="False">datainputstats</parent>
    <name>Gogen</name>
  </breadcrumb>
  <elements>
    <element name="sourceFields" type="fieldset">
      <view name="list"/>
      <view name="edit"/>
      <view name="create"/>
      <elements>

           <element name="name" type="textfield" label="Stanza Name">
             <view name="list"/>
             <view name="create"/>
          
             <key name="exampleText">Name of this stanza</key>
           </element>

           <element name="config" type="textfield" label="Configuration Descriptor">
             <view name="list"/>
             <view name="create"/>
             <view name="edit"/>
             <key name="exampleText">Short Gogen path (coccyx/weblog for example), full file path,local file in config directory, or URL pointing to YAML or JSON config.  Leave blank to use all configs in gogen_assets.</key>
           </element>
           <element name="config_type" type="select" label="Configuration Descriptor Type">
             
          <view name="edit" />
          <view name="create" />
          <view name="list"/>
          <key name="exampleText">The type of config defined in the Configuration Descriptor field.  Defaults to config_dir.</key>
          <options>
            <opt value="config_dir" label="Use gogen_assets as a config directory" />
            <opt value="local_file" label="Local File in config directory" />
            <opt value="short_path" label="Short Path ie: coccyx/weblog" />
            <opt value="url" label="URL" />
            <opt value="full_file_path" label="Full File Path" />
          </options>
        </element>
           <element name="count" type="textfield" label="Count">
             <view name="list"/>
             <view name="create"/>
             <view name="edit"/>
             <key name="exampleText">Count of events to generate every interval.  Overrides any amounts set in the Gogen config</key>
           </element>
           <element name="gogen_interval" type="textfield" label="Interval">
             <view name="list"/>
             <view name="create"/>
             <view name="edit"/>
             <key name="exampleText">Generate events every interval seconds.  Overrides any interval set in the Gogen config</key>
           </element>
           <element name="end_intervals" type="textfield" label="End Intervals">
             <view name="list"/>
             <view name="create"/>
             <view name="edit"/>
             <key name="exampleText">Generate events for endIntervals and stop.  Overrides any endInterval set in the Gogen config</key>
           </element>
           <element name="begin" type="textfield" label="Begin">
             <view name="list"/>
             <view name="create"/>
             <view name="edit"/>
             <key name="exampleText">Start generating events at begin time.  Can use Splunk's relative time syntax or an absolute time.  Overrides any begin setting in the Gogen config</key>
           </element>
           <element name="end" type="textfield" label="End">
             <view name="list"/>
             <view name="create"/>
             <view name="edit"/>
             <key name="exampleText">End generating events at end time.  Can use Splunk's relative time syntax or an absolute time.  Overrides any end setting in the Gogen config</key>
           </element>
           <element name="generator_threads" type="textfield" label="Generator Threads">
             <view name="list"/>
             <view name="create"/>
             <view name="edit"/>
             <key name="exampleText">Sets number of generator threads</key>
           </element>
           
</elements>
</element>
    
    
  
	<element name="eai:acl.app" label="App">
      <view name="list"/>
      <key name="processValueList">entity['eai:acl']['app'] or ""</key>
    </element>

  </elements>
</endpoint>